<?xml version="1.0" encoding="UTF-8"?>
<GenRun Id="synth_1" LaunchPart="xc7k160tfbv676-3" LaunchTime="1636851130">
  <File Type="PA-TCL" Name="uniform_prime_GEN.tcl"/>
  <File Type="REPORTS-TCL" Name="uniform_prime_GEN_reports.tcl"/>
  <File Type="RDS-RDS" Name="uniform_prime_GEN.vds"/>
  <File Type="RDS-UTIL" Name="uniform_prime_GEN_utilization_synth.rpt"/>
  <File Type="RDS-UTIL-PB" Name="uniform_prime_GEN_utilization_synth.pb"/>
  <File Type="RDS-DCP" Name="uniform_prime_GEN.dcp"/>
  <FileSet Name="sources" Type="DesignSrcs" RelSrcDir="$PSRCDIR/sources_1" RelGenDir="$PGENDIR/sources_1">
    <Filter Type="Srcs"/>
    <File Path="$PSRCDIR/sources_1/new/uniform_prime_GEN.vhd">
      <FileInfo>
        <Attr Name="ImportPath" Val="$PPRDIR/../../../../../../../../Desktop/cs3601/uniform_prime_number_generator/uniform_prime_number_generator.srcs/sources_1/new/uniform_prime_GEN.vhd"/>
        <Attr Name="ImportTime" Val="1636852728"/>
        <Attr Name="UsedIn" Val="synthesis"/>
        <Attr Name="UsedIn" Val="simulation"/>
      </FileInfo>
    </File>
    <Config>
      <Option Name="DesignMode" Val="RTL"/>
      <Option Name="TopModule" Val="uniform_prime_GEN"/>
      <Option Name="TopAutoSet" Val="TRUE"/>
    </Config>
  </FileSet>
  <FileSet Name="constrs_in" Type="Constrs" RelSrcDir="$PSRCDIR/constrs_1">
    <Filter Type="Constrs"/>
    <Config>
      <Option Name="ConstrsType" Val="XDC"/>
    </Config>
  </FileSet>
  <FileSet Name="utils" Type="Utils" RelSrcDir="$PSRCDIR/utils_1">
    <Filter Type="Utils"/>
    <Config>
      <Option Name="TopAutoSet" Val="TRUE"/>
    </Config>
  </FileSet>
  <Strategy Version="1" Minor="2">
    <StratHandle Name="Vivado Synthesis Defaults" Flow="Vivado Synthesis 2020"/>
    <Step Id="synth_design"/>
  </Strategy>
</GenRun>
